{"lr": 0.0002706766917293226, "data_time": 0.13864450454711913, "loss": 0.21584415510296823, "loss_ctc": 0.21584415510296823, "time": 0.6806334257125854, "epoch": 1, "iter": 100, "step": 100}
