{"lr": 0.001, "data_time": 0.17497386932373046, "loss": 5.599780035018921, "loss_prob": 4.109010863304138, "loss_thr": 1.000489318370819, "loss_db": 0.4902798175811768, "time": 1.1412225723266602, "epoch": 1, "iter": 5, "memory": 8638, "step": 5}
{"lr": 0.001, "data_time": 0.09487674236297608, "loss": 4.040117359161377, "loss_prob": 2.7696857810020448, "loss_thr": 0.9111912190914154, "loss_db": 0.35924032926559446, "time": 0.9199881076812744, "epoch": 1, "iter": 10, "memory": 8638, "step": 10}
{"lr": 0.001, "data_time": 0.014586281776428223, "loss": 2.446159267425537, "loss_prob": 1.390415507555008, "loss_thr": 0.8304435908794403, "loss_db": 0.22530014514923097, "time": 0.6961534738540649, "epoch": 1, "iter": 15, "memory": 8638, "step": 15}
{"lr": 0.001, "data_time": 0.014086484909057617, "loss": 2.1092628598213197, "loss_prob": 1.123335212469101, "loss_thr": 0.7978203058242798, "loss_db": 0.1881073534488678, "time": 0.6882324934005737, "epoch": 1, "iter": 20, "memory": 8638, "step": 20}
{"lr": 0.001, "data_time": 0.014031672477722168, "loss": 1.796825385093689, "loss_prob": 0.8940409660339356, "loss_thr": 0.7591312825679779, "loss_db": 0.14365314245223998, "time": 0.7013479709625244, "epoch": 1, "iter": 25, "memory": 8638, "step": 25}
{"lr": 0.001, "data_time": 0.01410377025604248, "loss": 1.8116835117340089, "loss_prob": 0.9034004747867584, "loss_thr": 0.7573330044746399, "loss_db": 0.15094998478889465, "time": 0.7128756999969482, "epoch": 1, "iter": 30, "memory": 8638, "step": 30}
{"lr": 0.001, "data_time": 0.014085531234741211, "loss": 1.679025948047638, "loss_prob": 0.8210207939147949, "loss_thr": 0.7121013820171356, "loss_db": 0.14590374231338502, "time": 0.6964209079742432, "epoch": 1, "iter": 35, "memory": 8638, "step": 35}
{"lr": 0.001, "data_time": 0.015145659446716309, "loss": 1.5027873754501342, "loss_prob": 0.7248151659965515, "loss_thr": 0.6556232690811157, "loss_db": 0.12234891653060913, "time": 0.6952229976654053, "epoch": 1, "iter": 40, "memory": 8638, "step": 40}
{"lr": 0.001, "data_time": 0.01482236385345459, "loss": 1.4674755930900574, "loss_prob": 0.7074339389801025, "loss_thr": 0.637015962600708, "loss_db": 0.12302565574645996, "time": 0.7043229818344117, "epoch": 1, "iter": 45, "memory": 8638, "step": 45}
{"lr": 0.001, "data_time": 0.013809800148010254, "loss": 1.4903092861175538, "loss_prob": 0.731889134645462, "loss_thr": 0.6299261391162873, "loss_db": 0.1284940004348755, "time": 0.7037440776824951, "epoch": 1, "iter": 50, "memory": 8638, "step": 50}
{"lr": 0.001, "data_time": 0.01421825885772705, "loss": 1.374301815032959, "loss_prob": 0.659126478433609, "loss_thr": 0.6033801198005676, "loss_db": 0.11179521083831787, "time": 0.7087934494018555, "epoch": 1, "iter": 55, "memory": 8638, "step": 55}
{"lr": 0.001, "data_time": 0.014214920997619628, "loss": 1.2275380492210388, "loss_prob": 0.5601006150245667, "loss_thr": 0.5724407523870468, "loss_db": 0.09499667882919312, "time": 0.7136209964752197, "epoch": 1, "iter": 60, "memory": 8638, "step": 60}
{"lr": 0.001, "data_time": 0.013814067840576172, "loss": 1.2162752985954284, "loss_prob": 0.5654613167047501, "loss_thr": 0.5530468404293061, "loss_db": 0.09776713848114013, "time": 0.7039912462234497, "epoch": 1, "iter": 65, "memory": 8638, "step": 65}
{"lr": 0.001, "data_time": 0.014644861221313477, "loss": 1.133565080165863, "loss_prob": 0.5300457358360291, "loss_thr": 0.509117704629898, "loss_db": 0.09440165162086486, "time": 0.7019350528717041, "epoch": 1, "iter": 70, "memory": 8638, "step": 70}
{"lr": 0.001, "data_time": 0.014618015289306641, "loss": 1.2813544511795043, "loss_prob": 0.6265543431043625, "loss_thr": 0.5485119760036469, "loss_db": 0.10628814697265625, "time": 0.6966203927993775, "epoch": 1, "iter": 75, "memory": 8638, "step": 75}
{"lr": 0.001, "data_time": 0.01378788948059082, "loss": 1.6517988085746764, "loss_prob": 0.8790753781795502, "loss_thr": 0.6428220003843308, "loss_db": 0.12990142703056334, "time": 0.6963762760162353, "epoch": 1, "iter": 80, "memory": 8638, "step": 80}
{"lr": 0.001, "data_time": 0.01426243782043457, "loss": 1.5844334721565247, "loss_prob": 0.8254287868738175, "loss_thr": 0.6302700638771057, "loss_db": 0.12873462438583375, "time": 0.6901460886001587, "epoch": 1, "iter": 85, "memory": 8638, "step": 85}
{"lr": 0.001, "data_time": 0.013991332054138184, "loss": 1.371160364151001, "loss_prob": 0.6606210917234421, "loss_thr": 0.5970518589019775, "loss_db": 0.11348742842674256, "time": 0.695646858215332, "epoch": 1, "iter": 90, "memory": 8638, "step": 90}
{"lr": 0.001, "data_time": 0.013983154296875, "loss": 1.4025754809379578, "loss_prob": 0.6844320237636566, "loss_thr": 0.6013802647590637, "loss_db": 0.11676321625709533, "time": 0.7035425186157227, "epoch": 1, "iter": 95, "memory": 8638, "step": 95}
{"lr": 0.001, "data_time": 0.014030790328979493, "loss": 1.4494810819625854, "loss_prob": 0.7389302551746368, "loss_thr": 0.5843878448009491, "loss_db": 0.12616298198699952, "time": 0.6939249992370605, "epoch": 1, "iter": 100, "memory": 8638, "step": 100}
{"lr": 0.001, "data_time": 0.013554096221923828, "loss": 1.3546725869178773, "loss_prob": 0.6865508258342743, "loss_thr": 0.5514491379261017, "loss_db": 0.11667261123657227, "time": 0.694456148147583, "epoch": 1, "iter": 105, "memory": 8638, "step": 105}
{"lr": 0.001, "data_time": 0.013940095901489258, "loss": 1.2975926041603087, "loss_prob": 0.6217435896396637, "loss_thr": 0.5689693003892898, "loss_db": 0.10687973499298095, "time": 0.6951284170150757, "epoch": 1, "iter": 110, "memory": 8638, "step": 110}
{"lr": 0.001, "data_time": 0.013975000381469727, "loss": 1.287498152256012, "loss_prob": 0.6268477618694306, "loss_thr": 0.5587611347436905, "loss_db": 0.10188928246498108, "time": 0.70330970287323, "epoch": 1, "iter": 115, "memory": 8638, "step": 115}
{"lr": 0.001, "data_time": 0.01361551284790039, "loss": 1.1312556982040405, "loss_prob": 0.5490419447422028, "loss_thr": 0.48998697102069855, "loss_db": 0.09222681522369384, "time": 0.7010385274887085, "epoch": 1, "iter": 120, "memory": 8638, "step": 120}
{"lr": 0.001, "data_time": 0.013586306571960449, "loss": 1.0399539291858673, "loss_prob": 0.4870991587638855, "loss_thr": 0.46733116209506986, "loss_db": 0.08552364706993103, "time": 0.6994431972503662, "epoch": 1, "iter": 125, "memory": 8638, "step": 125}
