{"lr": 0.00025, "data_time": 0.20557117462158203, "loss": 0.4306913912296295, "loss_ctc": 0.4306913912296295, "time": 3.792834758758545, "epoch": 1, "iter": 1, "step": 1}
{"lr": 0.0005, "data_time": 0.17810499668121338, "loss": 0.5012107044458389, "loss_ctc": 0.5012107044458389, "time": 2.5801687240600586, "epoch": 2, "iter": 2, "step": 2}
{"lr": 0.0005, "data_time": 0.15241225560506186, "loss": 0.8917644520600637, "loss_ctc": 0.8917644520600637, "time": 2.1214567025502524, "epoch": 3, "iter": 3, "step": 3}
