{"lr": 0.0002706766917293226, "data_time": 0.26102118492126464, "loss": 0.16480588912963867, "loss_ctc": 0.16480588912963867, "time": 0.41002459526062013, "epoch": 1, "iter": 100, "memory": 1625, "step": 100}
{"lr": 0.0002915622389306589, "data_time": 0.23617041110992432, "loss": 0.14726177081465722, "loss_ctc": 0.14726177081465722, "time": 0.39702839851379396, "epoch": 1, "iter": 200, "memory": 1625, "step": 200}
{"lr": 0.00031244778613199537, "data_time": 0.29298830032348633, "loss": 0.18209191039204597, "loss_ctc": 0.18209191039204597, "time": 0.44641311168670655, "epoch": 1, "iter": 300, "memory": 1625, "step": 300}
{"lr": 0.0003333333333333325, "data_time": 0.2836106777191162, "loss": 0.20340076759457587, "loss_ctc": 0.20340076759457587, "time": 0.4384795904159546, "epoch": 1, "iter": 400, "memory": 1625, "step": 400}
{"lr": 0.00035421888053466873, "data_time": 0.3592608690261841, "loss": 0.19958708621561527, "loss_ctc": 0.19958708621561527, "time": 0.516123366355896, "epoch": 1, "iter": 500, "memory": 1625, "step": 500}
