{"lr": 0.001, "data_time": 0.07284731864929199, "loss": 8.320641660690308, "loss_prob": 6.54214506149292, "loss_thr": 1.0889680147171021, "loss_db": 0.6895287156105041, "time": 0.9372984886169433, "epoch": 1, "iter": 5, "memory": 8638, "step": 5}
{"lr": 0.001, "data_time": 0.042314577102661136, "loss": 5.8477343082427975, "loss_prob": 4.30939815044403, "loss_thr": 1.0206750750541687, "loss_db": 0.5176611721515656, "time": 0.7980336666107177, "epoch": 1, "iter": 10, "memory": 8638, "step": 10}
{"lr": 0.001, "data_time": 0.011405563354492188, "loss": 3.017223072052002, "loss_prob": 1.82085063457489, "loss_thr": 0.9029549121856689, "loss_db": 0.29341754913330076, "time": 0.6616063356399536, "epoch": 1, "iter": 15, "memory": 8638, "step": 15}
{"lr": 0.001, "data_time": 0.011491155624389649, "loss": 2.7614449977874758, "loss_prob": 1.6410083889961242, "loss_thr": 0.870767492055893, "loss_db": 0.24966912865638732, "time": 0.6688488245010376, "epoch": 1, "iter": 20, "memory": 8638, "step": 20}
{"lr": 0.001, "data_time": 0.011574625968933105, "loss": 2.865058422088623, "loss_prob": 1.7193214178085328, "loss_thr": 0.875108516216278, "loss_db": 0.2706284999847412, "time": 0.6603898048400879, "epoch": 1, "iter": 25, "memory": 8638, "step": 25}
{"lr": 0.001, "data_time": 0.011055994033813476, "loss": 2.5937732100486754, "loss_prob": 1.5145012974739074, "loss_thr": 0.8364356517791748, "loss_db": 0.24283623695373535, "time": 0.6529223442077636, "epoch": 1, "iter": 30, "memory": 8638, "step": 30}
{"lr": 0.001, "data_time": 0.010956525802612305, "loss": 2.3404441475868225, "loss_prob": 1.323501992225647, "loss_thr": 0.8000774443149566, "loss_db": 0.216864675283432, "time": 0.6658488750457764, "epoch": 1, "iter": 35, "memory": 8638, "step": 35}
{"lr": 0.001, "data_time": 0.011311721801757813, "loss": 2.4264039278030394, "loss_prob": 1.3897159695625305, "loss_thr": 0.8003915309906006, "loss_db": 0.2362964153289795, "time": 0.6658064365386963, "epoch": 1, "iter": 40, "memory": 8638, "step": 40}
{"lr": 0.001, "data_time": 0.01164398193359375, "loss": 2.3863229632377623, "loss_prob": 1.3593026280403138, "loss_thr": 0.8035092175006866, "loss_db": 0.22351112961769104, "time": 0.6637729644775391, "epoch": 1, "iter": 45, "memory": 8638, "step": 45}
{"lr": 0.001, "data_time": 0.011640596389770507, "loss": 2.349769639968872, "loss_prob": 1.3367621958255769, "loss_thr": 0.7946601867675781, "loss_db": 0.21834725737571717, "time": 0.6488117456436158, "epoch": 1, "iter": 50, "memory": 8638, "step": 50}
{"lr": 0.001, "data_time": 0.011532330513000488, "loss": 2.28470059633255, "loss_prob": 1.3044257700443267, "loss_thr": 0.7669114172458649, "loss_db": 0.21336339116096498, "time": 0.628066897392273, "epoch": 1, "iter": 55, "memory": 8638, "step": 55}
{"lr": 0.001, "data_time": 0.011527609825134278, "loss": 2.249740719795227, "loss_prob": 1.272288990020752, "loss_thr": 0.7646334946155549, "loss_db": 0.2128182351589203, "time": 0.6418823003768921, "epoch": 1, "iter": 60, "memory": 8638, "step": 60}
{"lr": 0.001, "data_time": 0.0114976167678833, "loss": 2.357011651992798, "loss_prob": 1.340684711933136, "loss_thr": 0.7868308842182159, "loss_db": 0.2294960916042328, "time": 0.6800336122512818, "epoch": 1, "iter": 65, "memory": 8638, "step": 65}
{"lr": 0.001, "data_time": 0.01143043041229248, "loss": 2.377754473686218, "loss_prob": 1.358603024482727, "loss_thr": 0.7907451033592224, "loss_db": 0.2284063994884491, "time": 0.6707841634750367, "epoch": 1, "iter": 70, "memory": 8638, "step": 70}
{"lr": 0.001, "data_time": 0.01143038272857666, "loss": 2.216180157661438, "loss_prob": 1.2343522369861604, "loss_thr": 0.7790482461452484, "loss_db": 0.20277969241142274, "time": 0.6409969568252564, "epoch": 1, "iter": 75, "memory": 8638, "step": 75}
{"lr": 0.001, "data_time": 0.025252580642700195, "loss": 1.9388009428977966, "loss_prob": 1.0322299540042876, "loss_thr": 0.7371725142002106, "loss_db": 0.16939844489097594, "time": 0.6187733888626099, "epoch": 2, "iter": 81, "memory": 8638, "step": 81}
{"lr": 0.001, "data_time": 0.025987410545349122, "loss": 2.025646460056305, "loss_prob": 1.0970254719257355, "loss_thr": 0.7464995503425598, "loss_db": 0.1821214258670807, "time": 0.6855340003967285, "epoch": 2, "iter": 86, "memory": 8638, "step": 86}
{"lr": 0.001, "data_time": 0.011307144165039062, "loss": 2.179643380641937, "loss_prob": 1.2202066361904145, "loss_thr": 0.7571753621101379, "loss_db": 0.20226141810417175, "time": 0.6610015869140625, "epoch": 2, "iter": 91, "memory": 8638, "step": 91}
{"lr": 0.001, "data_time": 0.011326432228088379, "loss": 2.1781613349914553, "loss_prob": 1.205721664428711, "loss_thr": 0.7685710668563843, "loss_db": 0.20386863946914674, "time": 0.6712228059768677, "epoch": 2, "iter": 96, "memory": 8638, "step": 96}
{"lr": 0.001, "data_time": 0.011329889297485352, "loss": 2.150077688694, "loss_prob": 1.19426988363266, "loss_thr": 0.7569463431835175, "loss_db": 0.1988614797592163, "time": 0.6924651145935059, "epoch": 2, "iter": 101, "memory": 8638, "step": 101}
{"lr": 0.001, "data_time": 0.01103832721710205, "loss": 2.09911904335022, "loss_prob": 1.1764033675193786, "loss_thr": 0.7325018644332886, "loss_db": 0.19021379351615905, "time": 0.6689135551452636, "epoch": 2, "iter": 106, "memory": 8638, "step": 106}
{"lr": 0.001, "data_time": 0.01102747917175293, "loss": 2.076313591003418, "loss_prob": 1.172917252779007, "loss_thr": 0.7212939321994781, "loss_db": 0.18210236430168153, "time": 0.6425740003585816, "epoch": 2, "iter": 111, "memory": 8638, "step": 111}
{"lr": 0.001, "data_time": 0.0109849214553833, "loss": 2.2712994813919067, "loss_prob": 1.325467437505722, "loss_thr": 0.7428502857685089, "loss_db": 0.20298173427581787, "time": 0.662211561203003, "epoch": 2, "iter": 116, "memory": 8638, "step": 116}
{"lr": 0.001, "data_time": 0.010928797721862792, "loss": 2.1884710669517515, "loss_prob": 1.2451615452766418, "loss_thr": 0.7443597257137299, "loss_db": 0.19894979000091553, "time": 0.6877533197402954, "epoch": 2, "iter": 121, "memory": 8638, "step": 121}
{"lr": 0.001, "data_time": 0.01087782382965088, "loss": 2.2309690356254577, "loss_prob": 1.2674079835414886, "loss_thr": 0.7618976593017578, "loss_db": 0.20166338682174684, "time": 0.6747355461120605, "epoch": 2, "iter": 126, "memory": 8638, "step": 126}
{"lr": 0.001, "data_time": 0.01094043254852295, "loss": 2.3200278639793397, "loss_prob": 1.3197689592838286, "loss_thr": 0.7785540401935578, "loss_db": 0.22170484066009521, "time": 0.6591967105865478, "epoch": 2, "iter": 131, "memory": 8638, "step": 131}
{"lr": 0.001, "data_time": 0.010925579071044921, "loss": 2.1864885091781616, "loss_prob": 1.2204001188278197, "loss_thr": 0.7600126266479492, "loss_db": 0.20607575178146362, "time": 0.668977928161621, "epoch": 2, "iter": 136, "memory": 8638, "step": 136}
{"lr": 0.001, "data_time": 0.01067194938659668, "loss": 2.229949247837067, "loss_prob": 1.2913585245609283, "loss_thr": 0.7447025537490845, "loss_db": 0.19388819932937623, "time": 0.6569628715515137, "epoch": 2, "iter": 141, "memory": 8638, "step": 141}
{"lr": 0.001, "data_time": 0.010575079917907714, "loss": 2.1940267086029053, "loss_prob": 1.2803045094013215, "loss_thr": 0.7177118778228759, "loss_db": 0.1960103392601013, "time": 0.6387484312057495, "epoch": 2, "iter": 146, "memory": 8638, "step": 146}
{"lr": 0.001, "data_time": 0.010595178604125977, "loss": 2.1218349814414976, "loss_prob": 1.197762930393219, "loss_thr": 0.7293435752391815, "loss_db": 0.1947284758090973, "time": 0.6538731813430786, "epoch": 2, "iter": 151, "memory": 8638, "step": 151}
{"lr": 0.001, "data_time": 0.022675800323486327, "loss": 2.130581283569336, "loss_prob": 1.167433148622513, "loss_thr": 0.7695767462253571, "loss_db": 0.19357140660285949, "time": 0.615895414352417, "epoch": 3, "iter": 157, "memory": 8638, "step": 157}
{"lr": 0.001, "data_time": 0.02327272891998291, "loss": 2.12214173078537, "loss_prob": 1.1625985562801362, "loss_thr": 0.7655006349086761, "loss_db": 0.19404253363609314,