{"lr": 0.001, "data_time": 0.1443270206451416, "loss": 8.901234245300293, "loss_prob": 7.189939260482788, "loss_thr": 1.1072627305984497, "loss_db": 0.6040319681167603, "time": 1.0686648845672608, "epoch": 1, "iter": 5, "memory": 8638, "step": 5}
{"lr": 0.001, "data_time": 0.07941243648529053, "loss": 6.253622221946716, "loss_prob": 4.796158266067505, "loss_thr": 1.0025033950805664, "loss_db": 0.4549604058265686, "time": 0.878829836845398, "epoch": 1, "iter": 10, "memory": 8638, "step": 10}
{"lr": 0.001, "data_time": 0.014533233642578126, "loss": 2.891188216209412, "loss_prob": 1.7983293771743774, "loss_thr": 0.8365583896636963, "loss_db": 0.2563004374504089, "time": 0.6996841907501221, "epoch": 1, "iter": 15, "memory": 8638, "step": 15}
{"lr": 0.001, "data_time": 0.014178156852722168, "loss": 1.8864227294921876, "loss_prob": 0.972163075208664, "loss_thr": 0.7504937171936035, "loss_db": 0.16376596093177795, "time": 0.709119462966919, "epoch": 1, "iter": 20, "memory": 8638, "step": 20}
{"lr": 0.001, "data_time": 0.01367356777191162, "loss": 1.587769901752472, "loss_prob": 0.7557028710842133, "loss_thr": 0.7070811569690705, "loss_db": 0.12498589754104614, "time": 0.7001843690872193, "epoch": 1, "iter": 25, "memory": 8638, "step": 25}
{"lr": 0.001, "data_time": 0.01366579532623291, "loss": 1.4549864530563354, "loss_prob": 0.6843762844800949, "loss_thr": 0.6544432163238525, "loss_db": 0.11616695523262024, "time": 0.6995062112808228, "epoch": 1, "iter": 30, "memory": 8638, "step": 30}
{"lr": 0.001, "data_time": 0.013844490051269531, "loss": 1.3279281258583069, "loss_prob": 0.6111008077859879, "loss_thr": 0.6124094128608704, "loss_db": 0.10441792607307435, "time": 0.7066497564315796, "epoch": 1, "iter": 35, "memory": 8638, "step": 35}
{"lr": 0.001, "data_time": 0.015789294242858888, "loss": 1.3680614233016968, "loss_prob": 0.6556051194667816, "loss_thr": 0.6004026174545288, "loss_db": 0.11205370426177978, "time": 0.7107065439224243, "epoch": 1, "iter": 40, "memory": 8638, "step": 40}
{"lr": 0.001, "data_time": 0.017599844932556154, "loss": 1.3629520535469055, "loss_prob": 0.6647479861974717, "loss_thr": 0.5799262881278991, "loss_db": 0.11827777624130249, "time": 0.6928653955459595, "epoch": 1, "iter": 45, "memory": 8638, "step": 45}
{"lr": 0.001, "data_time": 0.016421198844909668, "loss": 1.4071183681488038, "loss_prob": 0.7041747480630874, "loss_thr": 0.5830107688903808, "loss_db": 0.1199328601360321, "time": 0.681790542602539, "epoch": 1, "iter": 50, "memory": 8638, "step": 50}
{"lr": 0.001, "data_time": 0.014885950088500976, "loss": 1.3698881983757019, "loss_prob": 0.6870086818933487, "loss_thr": 0.5724133938550949, "loss_db": 0.11046612858772278, "time": 0.6981304883956909, "epoch": 1, "iter": 55, "memory": 8638, "step": 55}
{"lr": 0.001, "data_time": 0.01580688953399658, "loss": 1.3249300837516784, "loss_prob": 0.6358019500970841, "loss_thr": 0.5855372101068497, "loss_db": 0.10359090566635132, "time": 0.7035705804824829, "epoch": 1, "iter": 60, "memory": 8638, "step": 60}
{"lr": 0.001, "data_time": 0.016559481620788574, "loss": 1.4022562980651856, "loss_prob": 0.6875356256961822, "loss_thr": 0.5970054537057876, "loss_db": 0.11771520972251892, "time": 0.7076661586761475, "epoch": 1, "iter": 65, "memory": 8638, "step": 65}
{"lr": 0.001, "data_time": 0.015511322021484374, "loss": 1.464975082874298, "loss_prob": 0.7762737542390823, "loss_thr": 0.5666572123765945, "loss_db": 0.12204411029815673, "time": 0.7121508121490479, "epoch": 1, "iter": 70, "memory": 8638, "step": 70}
{"lr": 0.001, "data_time": 0.014235854148864746, "loss": 1.5167176485061646, "loss_prob": 0.8165612310171128, "loss_thr": 0.5790967524051667, "loss_db": 0.121059650182724, "time": 0.7032370805740357, "epoch": 1, "iter": 75, "memory": 8638, "step": 75}
{"lr": 0.001, "data_time": 0.013574457168579102, "loss": 1.451195478439331, "loss_prob": 0.7326611936092376, "loss_thr": 0.5963237702846527, "loss_db": 0.12221051454544067, "time": 0.69065420627594, "epoch": 1, "iter": 80, "memory": 8638, "step": 80}
{"lr": 0.001, "data_time": 0.014451026916503906, "loss": 1.3528130769729614, "loss_prob": 0.6560873568058014, "loss_thr": 0.5862726747989655, "loss_db": 0.11045304536819459, "time": 0.6948805093765259, "epoch": 1, "iter": 85, "memory": 8638, "step": 85}
