{"lr": 0.00025, "data_time": 0.526068925857544, "loss": 0.9301703572273254, "loss_ctc": 0.9301703572273254, "time": 2.2858197689056396, "epoch": 1, "iter": 1, "step": 1}
{"lr": 0.0005, "data_time": 0.3140751123428345, "loss": 0.7019761800765991, "loss_ctc": 0.7019761800765991, "time": 2.937250852584839, "epoch": 2, "iter": 2, "step": 2}
{"lr": 0.0005, "data_time": 0.25203386942545575, "loss": 0.720807671546936, "loss_ctc": 0.720807671546936, "time": 2.1759804089864097, "epoch": 3, "iter": 3, "step": 3}
